moleculeAdatabase,moleculeAID,moleculeAname,moleculeBdatabase,moleculeBID,moleculeBname,species
miRBase,MI0001868,dre-let-7d,RefSeq,NM_199877,AMPK,Danio rerio
miRBase,MI0002003,dre-mir-140-5p,RefSeq,NM_199877,AMPK,Danio rerio
NONCODE,NONMMUG039673,H19,miRBase,MI0000067,mmu-let-7,Mus musculus
NONCODE,NONHSAG011264,HOTAIR,miRBase,MI0000443,miR-124,Homo sapiens
NONCODE,NONHSAG011264,HOTAIR,miRBase,MI0000812,hsa-miR-331-3p,Homo sapiens
miRBase,MI0000061,hsa-let-7a-5p,UniProt,Q9H9Z2,LIN28,Homo sapiens
miRBase,MI0000063,hsa-let-7b-5p,UniProt,Q9H9Z2,LIN28,Homo sapiens
miRBase,MI0000064,hsa-let-7c,UniProt,Q9H9Z2,LIN28,Homo sapiens
miRBase,MI0000065,hsa-let-7d-3p,UniProt,Q9H9Z2,LIN28,Homo sapiens
miRBase,MI0000065,hsa-let-7d-5p,UniProt,Q9H9Z2,LIN28,Homo sapiens
miRBase,MI0000066,hsa-let-7e-3p,UniProt,Q9H9Z2,LIN28,Homo sapiens
miRBase,MI0000066,hsa-let-7e-5p,UniProt,Q9H9Z2,LIN28,Homo sapiens
miRBase,MI0000067,hsa-let-7f-5p,UniProt,Q9H9Z2,LIN28,Homo sapiens
miRBase,MI0000433,hsa-let-7g-5p,UniProt,Q9H9Z2,LIN28,Homo sapiens
miRBase,MI0000434,hsa-let-7i-5p,UniProt,Q9H9Z2,LIN28,Homo sapiens
miRBase,MI0000437,hsa-mir-1,UniProt,Q9H9Z2,LIN28,Homo sapiens
miRBase,MI0000102,hsa-mir-100-5p,UniProt,Q9H9Z2,LIN28,Homo sapiens
miRBase,MI0000103,hsa-mir-101-5p,UniProt,Q9H9Z2,LIN28,Homo sapiens
miRBase,MI0000108,hsa-mir-103a-2-5p,UniProt,Q9H9Z2,LIN28,Homo sapiens
miRBase,MI0000734,hsa-mir-106b-3p,UniProt,Q9H9Z2,LIN28,Homo sapiens
miRBase,MI0000734,hsa-mir-106b-5p,UniProt,Q9H9Z2,LIN28,Homo sapiens
miRBase,MI0000266,hsa-mir-10a-3p,UniProt,Q9H9Z2,LIN28,Homo sapiens
miRBase,MI0000266,hsa-mir-10a-5p,UniProt,Q9H9Z2,LIN28,Homo sapiens
miRBase,MI0006275,hsa-mir-1182-5p,UniProt,Q9H9Z2,LIN28,Homo sapiens
miRBase,MI0006313,hsa-mir-1226-3p,UniProt,Q9H9Z2,LIN28,Homo sapiens
miRBase,MI0015975,hsa-mir-1244,UniProt,Q9H9Z2,LIN28,Homo sapiens
miRBase,MI0006382,hsa-mir-1247-5p,UniProt,Q9H9Z2,LIN28,Homo sapiens
miRBase,MI0006383,hsa-mir-1248,UniProt,Q9H9Z2,LIN28,Homo sapiens
miRBase,MI0000469,hsa-mir-125a-3p,UniProt,Q9H9Z2,LIN28,Homo sapiens
miRBase,MI0000469,hsa-mir-125a-5p,UniProt,Q9H9Z2,LIN28,Homo sapiens
miRBase,MI0006353,hsa-mir-1291,UniProt,Q9H9Z2,LIN28,Homo sapiens
miRBase,MI0006370,hsa-mir-1303,RefSeq,NM_001002026,claudin-18,Homo sapiens
miRBase,MI0006443,hsa-mir-1306-5p,UniProt,Q9H9Z2,LIN28,Homo sapiens
miRBase,MI0006444,hsa-mir-1307-3p,UniProt,Q9H9Z2,LIN28,Homo sapiens
miRBase,MI0006444,hsa-mir-1307-5p,UniProt,Q9H9Z2,LIN28,Homo sapiens
miRBase,MI0000450,hsa-mir-133a,UniProt,C7SJ32,HLA-G,Homo sapiens
miRBase,MI0000681,hsa-mir-155,RefSeq,NM_001285878,CEBPB,Homo sapiens
miRBase,MI0000681,hsa-mir-155,RefSeq,NM_001144074,DET1,Homo sapiens
miRBase,MI0000681,hsa-mir-155,RefSeq,NM_001040194,AGTRAP,Homo sapiens
miRBase,MI0000681,hsa-mir-155,RefSeq,NM_001271837,RCN2,Homo sapiens
miRBase,MI0000069,hsa-mir-15a,RefSeq,NM_001238,CCNE1,Homo sapiens
miRBase,MI0000115,hsa-mir-16-2-3p,UniProt,Q9H9Z2,LIN28,Homo sapiens
miRBase,MI0000070,hsa-mir-16-5p,UniProt,Q9H9Z2,LIN28,Homo sapiens
miRBase,MI0000270,hsa-mir-181b-3p,UniProt,Q9H9Z2,LIN28,Homo sapiens
miRBase,MI0000270,hsa-mir-181b-5p,UniProt,Q9H9Z2,LIN28,Homo sapiens
miRBase,MI0008193,hsa-mir-1825-5p,UniProt,Q9H9Z2,LIN28,Homo sapiens
miRBase,MI0000272,hsa-mir-182-5p,UniProt,Q9H9Z2,LIN28,Homo sapiens
miRBase,MI0000483,hsa-mir-186-3p,UniProt,Q9H9Z2,LIN28,Homo sapiens
miRBase,MI0000483,hsa-mir-186-5p,UniProt,Q9H9Z2,LIN28,Homo sapiens
miRBase,MI0008331,hsa-mir-1910,UniProt,Q9H9Z2,LIN28,Homo sapiens
miRBase,MI0003137,hsa-mir-193b-3p,UniProt,Q9H9Z2,LIN28,Homo sapiens
miRBase,MI0003137,hsa-mir-193b-5p,UniProt,Q9H9Z2,LIN28,Homo sapiens
miRBase,MI0000240,hsa-mir-198-5p,UniProt,Q9H9Z2,LIN28,Homo sapiens
miRBase,MI0000073,hsa-mir-19a,RefSeq,NM_000600,interleukin(IL)-6,Homo sapiens
miRBase,MI0000073,hsa-mir-19a,RefSeq,NM_003745,SOCS1,Homo sapiens
miRBase,MI0000073,hsa-mir-19a,RefSeq,NM_003955,SOCS3,Homo sapiens
miRBase,MI0000073,hsa-mir-19a,UniProt,O14543,SOCS3,Homo sapiens
miRBase,MI0000073,hsa-mir-19a,RefSeq,NM_014011,SOCS5,Homo sapiens
miRBase,MI0000073,hsa-mir-19a-3p,UniProt,Q9H9Z2,LIN28,Homo sapiens
miRBase,MI0000073,hsa-mir-19a-5p,UniProt,Q9H9Z2,LIN28,Homo sapiens
miRBase,MI0000074,hsa-mir-19b-1-5p,UniProt,Q9H9Z2,LIN28,Homo sapiens
miRBase,MI0000650,hsa-mir-200c-3p,UniProt,Q9H9Z2,LIN28,Homo sapiens
miRBase,MI0000650,hsa-mir-200c-5p,UniProt,Q9H9Z2,LIN28,Homo sapiens
miRBase,MI0000076,hsa-mir-20a-3p,UniProt,Q9H9Z2,LIN28,Homo sapiens
miRBase,MI0000076,hsa-mir-20a-5p,UniProt,Q9H9Z2,LIN28,Homo sapiens
miRBase,MI0001519,hsa-mir-20b-3p,UniProt,Q9H9Z2,LIN28,Homo sapiens
miRBase,MI0001519,hsa-mir-20b-5p,UniProt,Q9H9Z2,LIN28,Homo sapiens
miRBase,MI0000077,hsa-mir-21,UniProt,Q01844,EWS,Homo sapiens
miRBase,MI0000300,hsa-mir-223,RefSeq,NM_000927,ABCB1,Homo sapiens
miRBase,MI0000301,hsa-mir-224,RefSeq,NM_003206,TCF21,Homo sapiens
miRBase,MI0000082,hsa-mir-25-3p,UniProt,Q9H9Z2,LIN28,Homo sapiens
miRBase,MI0000082,hsa-mir-25-5p,UniProt,Q9H9Z2,LIN28,Homo sapiens
miRBase,MI0000750,hsa-mir-26a-5p,UniProt,Q9H9Z2,LIN28,Homo sapiens
miRBase,MI0000107,hsa-mir-29b-2-5p,UniProt,Q9H9Z2,LIN28,Homo sapiens
miRBase,MI0000745,hsa-mir-301a-3p,UniProt,Q9H9Z2,LIN28,Homo sapiens
miRBase,MI0000745,hsa-mir-301a-5p,UniProt,Q9H9Z2,LIN28,Homo sapiens
miRBase,MI0000738,hsa-mir-302a-3p,UniProt,Q9H9Z2,LIN28,Homo sapiens
miRBase,MI0000738,hsa-mir-302a-5p,UniProt,Q9H9Z2,LIN28,Homo sapiens
miRBase,MI0000772,hsa-mir-302b-3p,UniProt,Q9H9Z2,LIN28,Homo sapiens
miRBase,MI0000772,hsa-mir-302b-5p,UniProt,Q9H9Z2,LIN28,Homo sapiens
miRBase,MI0000773,hsa-mir-302c-3p,UniProt,Q9H9Z2,LIN28,Homo sapiens
miRBase,MI0000773,hsa-mir-302c-5p,UniProt,Q9H9Z2,LIN28,Homo sapiens
miRBase,MI0000774,hsa-mir-302d-3p,UniProt,Q9H9Z2,LIN28,Homo sapiens
miRBase,MI0000774,hsa-mir-302d-5p,UniProt,Q9H9Z2,LIN28,Homo sapiens
miRBase,MI0000088,hsa-mir-30a-3p,UniProt,Q9H9Z2,LIN28,Homo sapiens
miRBase,MI0000088,hsa-mir-30a-5p,UniProt,Q9H9Z2,LIN28,Homo sapiens
miRBase,MI0000749,hsa-mir-30e-3p,UniProt,Q9H9Z2,LIN28,Homo sapiens
miRBase,MI0000749,hsa-mir-30e-5p,UniProt,Q9H9Z2,LIN28,Homo sapiens
miRBase,MI0000089,hsa-mir-31,UniProt,Q01844,EWS,Homo sapiens
miRBase,MI0014155,hsa-mir-3134,UniProt,P00533,EGFR,Homo sapiens
miRBase,MI0014160,hsa-mir-3137,UniProt,Q9H9Z2,LIN28,Homo sapiens
miRBase,MI0000813,hsa-mir-324-3p,UniProt,Q9H9Z2,LIN28,Homo sapiens
miRBase,MI0000813,hsa-mir-324-5p,UniProt,Q9H9Z2,LIN28,Homo sapiens
miRBase,MI0000812,hsa-mir-331-3p,RefSeq,NM_001005862,HER2,Homo sapiens
miRBase,MI0000268,hsa-mir-34a-3p,UniProt,Q9H9Z2,LIN28,Homo sapiens
miRBase,MI0000268,hsa-mir-34a-5p,UniProt,Q9H9Z2,LIN28,Homo sapiens
miRBase,MI0000743,hsa-mir-34c-5p,UniProt,Q9H9Z2,LIN28,Homo sapiens
miRBase,MI0015997,hsa-mir-3607-3p,UniProt,Q9H9Z2,LIN28,Homo sapiens
miRBase,MI0015997,hsa-mir-3607-5p,UniProt,Q9H9Z2,LIN28,Homo sapiens
miRBase,MI0016011,hsa-mir-3620,UniProt,Q9H9Z2,LIN28,Homo sapiens
miRBase,MI0016048,hsa-mir-3648-5p,UniProt,Q9H9Z2,LIN28,Homo sapiens
miRBase,MI0016050,hsa-mir-3650,UniProt,Q01844,EWS,Homo sapiens
miRBase,MI0016052,hsa-mir-3652-5p,UniProt,Q9H9Z2,LIN28,Homo sapiens
miRBase,MI0016054,hsa-mir-3654,UniProt,Q9H9Z2,LIN28,Homo sapiens
miRBase,MI0016058,hsa-mir-3658-5p,UniProt,Q9H9Z2,LIN28,Homo sapiens
miRBase,MI0000775,hsa-mir-367-3p,UniProt,Q9H9Z2,LIN28,Homo sapiens
miRBase,MI0000775,hsa-mir-367-5p,UniProt,Q9H9Z2,LIN28,Homo sapiens
miRBase,MI0016088,hsa-mir-3687-5p,UniProt,Q9H9Z2,LIN28,Homo sapiens
miRBase,MI0000782,hsa-mir-374a-3p,UniProt,Q9H9Z2,LIN28,Homo sapiens
miRBase,MI0000782,hsa-mir-374a-5p,UniProt,Q9H9Z2,LIN28,Homo sapiens
miRBase,MI0001637,hsa-mir-448,UniProt,Q9H9Z2,LIN28,Homo sapiens
miRBase,MI0003131,hsa-mir-492,RefSeq,NM_002425,MMP10,Homo sapiens
miRBase,MI0003131,hsa-mir-492,UniProt,Q9UNS8,VEGF,Homo sapiens
miRBase,MI0003131,hsa-mir-492,UniProt,P29474,eNOS,Homo sapiens
miRBase,MI0003134,hsa-mir-494-3p,RefSeq,NM_001008540,CXCR4,Homo sapiens
miRBase,MI0006354,hsa-mir-548k,UniProt,Q9H9Z2,LIN28,Homo sapiens
miRBase,MI0003588,hsa-mir-581-5p,UniProt,Q9H9Z2,LIN28,Homo sapiens
miRBase,MI0003610,hsa-mir-598,UniProt,Q9H9Z2,LIN28,Homo sapiens
miRBase,MI0003624,hsa-mir-611-5p,UniProt,Q9H9Z2,LIN28,Homo sapiens
miRBase,MI0003628,hsa-mir-615-3p,UniProt,Q9H9Z2,LIN28,Homo sapiens
miRBase,MI0003628,hsa-mir-615-5p,UniProt,Q9H9Z2,LIN28,Homo sapiens
miRBase,MI0003647,hsa-mir-632-5p,UniProt,Q9H9Z2,LIN28,Homo sapiens
miRBase,MI0003667,hsa-mir-652-3p,UniProt,Q9H9Z2,LIN28,Homo sapiens
miRBase,MI0003667,hsa-mir-652-5p,UniProt,Q9H9Z2,LIN28,Homo sapiens
miRBase,MI0003648,hsa-mir-663,UniProt,Q01844,EWS,Homo sapiens
miRBase,MI0003672,hsa-mir-663a,UniProt,Q9H9Z2,LIN28,Homo sapiens
miRBase,MI0003760,hsa-mir-671-3p,UniProt,Q9H9Z2,LIN28,Homo sapiens
miRBase,MI0003760,hsa-mir-671-5p,UniProt,Q9H9Z2,LIN28,Homo sapiens
miRBase,MI0005561,hsa-mir-877-5p,UniProt,Q9H9Z2,LIN28,Homo sapiens
miRBase,MI0000093,hsa-mir-92a-1-5p,UniProt,Q9H9Z2,LIN28,Homo sapiens
miRBase,MI0000095,hsa-mir-93-3p,UniProt,Q9H9Z2,LIN28,Homo sapiens
miRBase,MI0000095,hsa-mir-93-5p,UniProt,Q9H9Z2,LIN28,Homo sapiens
miRBase,MI0000100,hsa-mir-98,UniProt,Q9H9Z2,LIN28,Homo sapiens
miRBase,MI0005570,mmu-mir-208b,UniProt,Q15910,Ezh2,Mus musculus
miRBase,MI0000079,mmu-mir-23a,UniProt,P49327,Fas,Mus musculus
miRBase,MI0000141,mmu-mir-23b,UniProt,P49327,Fas,Mus musculus
miRBase,MI0000061,hsa-let-7a-2,UniProt,Q501J6,DDX17,Homo sapiens
miRBase,MI0000063,hsa-let-7b,UniProt,Q93062,RBPMS,Homo sapiens
miRBase,MI0000063,hsa-let-7b,UniProt,Q501J6,DDX17,Homo sapiens
miRBase,MI0000066,hsa-let-7e,UniProt,Q501J6,DDX17,Homo sapiens
miRBase,MI0000433,hsa-let-7g,UniProt,Q93062,RBPMS,Homo sapiens
miRBase,MI0000103,hsa-mir-101-1,UniProt,Q501J6,DDX17,Homo sapiens
miRBase,MI0000739,hsa-mir-101-2,UniProt,Q501J6,DDX17,Homo sapiens
miRBase,MI0000109,hsa-mir-103a1,UniProt,Q5T481,Rbm20,Homo sapiens
miRBase,MI0000113,hsa-mir-106a,UniProt,Q501J6,DDX17,Homo sapiens
miRBase,MI0000734,hsa-mir-106b,UniProt,Q5T481,Rbm20,Homo sapiens
miRBase,MI0000114,hsa-mir-107,UniProt,Q5T481,Rbm20,Homo sapiens
miRBase,MI0000266,hsa-mir-10a,UniProt,Q93062,RBPMS,Homo sapiens
miRBase,MI0000266,hsa-mir-10a,UniProt,Q5T481,Rbm20,Homo sapiens
miRBase,MI0000267,hsa-mir-10b,UniProt,Q8CJG0,AGO,Homo sapiens
miRBase,MI0000267,hsa-mir-10b,UniProt,F8WD15,IGF2BP3,Homo sapiens
miRBase,MI0000267,hsa-mir-10b,UniProt,H3BRT3,TNRC6A,Homo sapiens
miRBase,MI0000267,hsa-mir-10b,UniProt,Q8TB72,PUM2,Homo sapiens
miRBase,MI0000267,hsa-mir-10b,UniProt,K7EKN9,TNRC6C,Homo sapiens
miRBase,MI0000267,hsa-mir-10b,UniProt,A0A024R1T4,TNRC6B,Homo sapiens
miRBase,MI0000267,hsa-mir-10b,UniProt,B3FTN5,IGF2BP2,Homo sapiens
miRBase,MI0000267,hsa-mir-10b,UniProt,Q5T481,Rbm20,Homo sapiens
miRBase,MI0000267,hsa-mir-10b-3p,UniProt,P55265,ADAR1,Homo sapiens
miRBase,MI0000267,hsa-mir-10b-5p,UniProt,P55265,ADAR1,Homo sapiens
miRBase,MI0000442,hsa-mir-122,UniProt,Q5T481,Rbm20,Homo sapiens
miRBase,MI0000442,hsa-mir-122,UniProt,O75821,eIF3,Homo sapiens
miRBase,MI0006311,hsa-mir-1225,UniProt,Q86V81,ORF57,Homo sapiens
miRBase,MI0006324,hsa-mir-1234,UniProt,Q86V81,ORF57,Homo sapiens
miRBase,MI0006379,hsa-mir-1244-1,UniProt,Q86V81,ORF57,Homo sapiens
miRBase,MI0015974,hsa-mir-1244-2,UniProt,Q86V81,ORF57,Homo sapiens
miRBase,MI0015975,hsa-mir-1244-3,UniProt,Q86V81,ORF57,Homo sapiens
miRBase,MI0006383,hsa-mir-1248,UniProt,Q501J6,DDX17,Homo sapiens
miRBase,MI0006390,hsa-mir-1256,UniProt,Q5T481,Rbm20,Homo sapiens
miRBase,MI0006390,hsa-mir-1256,UniProt,Q501J6,DDX17,Homo sapiens
miRBase,MI0006391,hsa-mir-1257,UniProt,Q501J6,DDX17,Homo sapiens
miRBase,MI0000469,hsa-mir-125a,UniProt,Q5T481,Rbm20,Homo sapiens
miRBase,MI0000469,hsa-mir-125a,UniProt,Q501J6,DDX17,Homo sapiens
miRBase,MI0000470,hsa-mir-125b-2,UniProt,Q501J6,DDX17,Homo sapiens
miRBase,MI0006394,hsa-mir-1260a,UniProt,P55265,ADAR1,Homo sapiens
miRBase,MI0014197,hsa-mir-1260b,UniProt,P55265,ADAR1,Homo sapiens
miRBase,MI0006398,hsa-mir-1263,UniProt,Q501J6,DDX17,Homo sapiens
miRBase,MI0006428,hsa-mir-1281,UniProt,Q501J6,DDX17,Homo sapiens
miRBase,MI0006433,hsa-mir-1292,UniProt,Q86V81,ORF57,Homo sapiens
miRBase,MI0003780,hsa-mir-1296,UniProt,Q5T481,Rbm20,Homo sapiens
miRBase,MI0003815,hsa-mir-1301,UniProt,Q5T481,Rbm20,Homo sapiens
miRBase,MI0006443,hsa-mir-1306,UniProt,Q5T481,Rbm20,Homo sapiens
miRBase,MI0006443,hsa-mir-1306,UniProt,Q501J6,DDX17,Homo sapiens
miRBase,MI0006444,hsa-mir-1307,UniProt,Q5T481,Rbm20,Homo sapiens
miRBase,MI0000448,hsa-mir-130a,UniProt,Q5T481,Rbm20,Homo sapiens
miRBase,MI0000448,hsa-mir-130a-3p,UniProt,P55265,ADAR1,Homo sapiens
miRBase,MI0000748,hsa-mir-130b,UniProt,Q93062,RBPMS,Homo sapiens
miRBase,MI0000748,hsa-mir-130b,UniProt,Q5T481,Rbm20,Homo sapiens
miRBase,MI0000748,hsa-mir-130b,UniProt,Q501J6,DDX17,Homo sapiens
miRBase,MI0000449,hsa-mir-132,UniProt,Q5T481,Rbm20,Homo sapiens
miRBase,MI0000810,hsa-mir-135b,UniProt,Q501J6,DDX17,Homo sapiens
miRBase,MI0000456,hsa-mir-140-3p,UniProt,P55265,ADAR1,Homo sapiens
miRBase,MI0000457,hsa-mir-141,UniProt,Q5T481,Rbm20,Homo sapiens
miRBase,MI0000458,hsa-mir-142,UniProt,Q93062,RBPMS,Homo sapiens
miRBase,MI0000458,hsa-mir-142,UniProt,Q5T481,Rbm20,Homo sapiens
miRBase,MI0000459,hsa-mir-143,UniProt,Q5T481,Rbm20,Homo sapiens
miRBase,MI0000253,hsa-mir-148a,UniProt,Q93062,RBPMS,Homo sapiens
miRBase,MI0000253,hsa-mir-148a,UniProt,Q5T481,Rbm20,Homo sapiens
miRBase,MI0000811,hsa-mir-148b,UniProt,Q5T481,Rbm20,Homo sapiens
miRBase,MI0000478,hsa-mir-149,UniProt,Q5T481,Rbm20,Homo sapiens
miRBase,MI0000069,hsa-mir-15a,UniProt,Q5T481,Rbm20,Homo sapiens
miRBase,MI0000438,hsa-mir-15b,UniProt,Q5T481,Rbm20,Homo sapiens
miRBase,MI0000438,hsa-mir-15b,UniProt,Q501J6,DDX17,Homo sapiens
miRBase,MI0000070,hsa-mir-16-1,UniProt,Q501J6,DDX17,Homo sapiens
miRBase,MI0000115,hsa-mir-16-2,UniProt,Q5T481,Rbm20,Homo sapiens
miRBase,MI0000071,hsa-mir-17,UniProt,Q5T481,Rbm20,Homo sapiens
miRBase,MI0000071,hsa-mir-17,UniProt,Q501J6,DDX17,Homo sapiens
miRBase,MI0000683,hsa-mir-181b2,UniProt,Q5T481,Rbm20,Homo sapiens
miRBase,MI0000271,hsa-mir-181c,UniProt,Q5T481,Rbm20,Homo sapiens
miRBase,MI0003139,hsa-mir-181d,UniProt,Q501J6,DDX17,Homo sapiens
miRBase,MI0000272,hsa-mir-182,UniProt,Q5T481,Rbm20,Homo sapiens
miRBase,MI0000273,hsa-mir-183,UniProt,Q5T481,Rbm20,Homo sapiens
miRBase,MI0000483,hsa-mir-186,UniProt,Q5T481,Rbm20,Homo sapiens
miRBase,MI0000484,hsa-mir-188,UniProt,Q501J6,DDX17,Homo sapiens
miRBase,MI0000072,hsa-mir-18a,UniProt,Q5T481,Rbm20,Homo sapiens
miRBase,MI0000465,hsa-mir-191,UniProt,Q501J6,DDX17,Homo sapiens
miRBase,MI0000465,hsa-mir-191,UniProt,Q86V81,ORF57,Homo sapiens
miRBase,MI0000234,hsa-mir-192,UniProt,Q5T481,Rbm20,Homo sapiens
miRBase,MI0003137,hsa-mir-193b,UniProt,Q5T481,Rbm20,Homo sapiens
miRBase,MI0003137,hsa-mir-193b,UniProt,Q501J6,DDX17,Homo sapiens
miRBase,MI0000732,hsa-mir-194-2,UniProt,Q93062,RBPMS,Homo sapiens
miRBase,MI0000279,hsa-mir-196a2,UniProt,Q5T481,Rbm20,Homo sapiens
miRBase,MI0000279,hsa-mir-196a-2,UniProt,Q93062,RBPMS,Homo sapiens
miRBase,MI0001150,hsa-mir-196b,UniProt,Q5T481,Rbm20,Homo sapiens
miRBase,MI0000239,hsa-mir-197,UniProt,Q5T481,Rbm20,Homo sapiens
miRBase,MI0000239,hsa-mir-197,UniProt,Q501J6,DDX17,Homo sapiens
miRBase,MI0000073,hsa-mir-19a,UniProt,Q93062,RBPMS,Homo sapiens
miRBase,MI0000073,hsa-mir-19a,UniProt,Q5T481,Rbm20,Homo sapiens
miRBase,MI0000073,hsa-mir-19a,UniProt,Q501J6,DDX17,Homo sapiens
miRBase,MI0000074,hsa-mir-19b1,UniProt,Q5T481,Rbm20,Homo sapiens
miRBase,MI0000074,hsa-mir-19b-1,UniProt,Q501J6,DDX17,Homo sapiens
miRBase,MI0000075,hsa-mir-19b2,UniProt,Q5T481,Rbm20,Homo sapiens
miRBase,MI0000075,hsa-mir-19b-2,UniProt,Q501J6,DDX17,Homo sapiens
miRBase,MI0000650,hsa-mir-200c,UniProt,Q5T481,Rbm20,Homo sapiens
miRBase,MI0000283,hsa-mir-203,UniProt,Q93062,RBPMS,Homo sapiens
miRBase,MI0000283,hsa-mir-203,UniProt,Q5T481,Rbm20,Homo sapiens
miRBase,MI0000283,hsa-mir-203a,UniProt,O75821,eIF3,Homo sapiens
miRBase,MI0000285,hsa-mir-205,UniProt,Q5T481,Rbm20,Homo sapiens
miRBase,MI0000490,hsa-mir-206,UniProt,Q93062,RBPMS,Homo sapiens
miRBase,MI0000076,hsa-mir-20a,UniProt,Q93062,RBPMS,Homo sapiens
miRBase,MI0000076,hsa-mir-20a,UniProt,Q5T481,Rbm20,Homo sapiens
miRBase,MI0000077,hsa-mir-21,UniProt,Q93062,RBPMS,Homo sapiens
miRBase,MI0000077,hsa-mir-21,UniProt,Q5T481,Rbm20,Homo sapiens
miRBase,MI0000077,hsa-mir-21,UniProt,Q501J6,DDX17,Homo sapiens
miRBase,MI0000286,hsa-mir-210,UniProt,Q8TB72,PUM2,Homo sapiens
miRBase,MI0000286,hsa-mir-210,UniProt,K7EKN9,TNRC6C,Homo sapiens
miRBase,MI0000286,hsa-mir-210,UniProt,B3FTN5,IGF2BP2,Homo sapiens
miRBase,MI0000286,hsa-mir-210,UniProt,Q5T481,Rbm20,Homo sapiens
miRBase,MI0010629,hsa-mir-2110,UniProt,Q501J6,DDX17,Homo sapiens
miRBase,MI0000288,hsa-mir-212,UniProt,Q501J6,DDX17,Homo sapiens
miRBase,MI0000077,hsa-mir-21-3p,UniProt,P55265,ADAR1,Homo sapiens
miRBase,MI0000077,hsa-mir-21-5p,UniProt,P55265,ADAR1,Homo sapiens
miRBase,MI0005569,hsa-mir-216b,UniProt,Q5T481,Rbm20,Homo sapiens
miRBase,MI0005569,hsa-mir-216b,UniProt,Q501J6,DDX17,Homo sapiens
miRBase,MI0000078,hsa-mir-22,UniProt,Q5T481,Rbm20,Homo sapiens
miRBase,MI0000298,hsa-mir-221,UniProt,Q5T481,Rbm20,Homo sapiens
miRBase,MI0000298,hsa-mir-221,UniProt,Q501J6,DDX17,Homo sapiens
miRBase,MI0000299,hsa-mir-222,UniProt,Q93062,RBPMS,Homo sapiens
miRBase,MI0000299,hsa-mir-222,UniProt,Q5T481,Rbm20,Homo sapiens
miRBase,MI0000300,hsa-mir-223,UniProt,Q5T481,Rbm20,Homo sapiens
miRBase,MI0000079,hsa-mir-23a,UniProt,Q5T481,Rbm20,Homo sapiens
miRBase,MI0000439,hsa-mir-23b,UniProt,Q5T481,Rbm20,Homo sapiens
miRBase,MI0000439,hsa-mir-23b-3p,UniProt,P55265,ADAR1,Homo sapiens
miRBase,MI0000080,hsa-mir-24-1,UniProt,Q501J6,DDX17,Homo sapiens
miRBase,MI0000081,hsa-mir-24-2,UniProt,Q501J6,DDX17,Homo sapiens
miRBase,MI0000082,hsa-mir-25,UniProt,Q93062,RBPMS,Homo sapiens
miRBase,MI0000082,hsa-mir-25,UniProt,Q5T481,Rbm20,Homo sapiens
miRBase,MI0000082,hsa-mir-25,UniProt,Q501J6,DDX17,Homo sapiens
miRBase,MI0000083,hsa-mir-26a-1,UniProt,Q501J6,DDX17,Homo sapiens
miRBase,MI0000750,hsa-mir-26a-2,UniProt,Q501J6,DDX17,Homo sapiens
miRBase,MI0000084,hsa-mir-26b,UniProt,Q5T481,Rbm20,Homo sapiens
miRBase,MI0000084,hsa-mir-26b,UniProt,Q501J6,DDX17,Homo sapiens
miRBase,MI0000085,hsa-mir-27a,UniProt,Q93062,RBPMS,Homo sapiens
miRBase,MI0000085,hsa-mir-27a,UniProt,Q501J6,DDX17,Homo sapiens
miRBase,MI0000085,hsa-mir-27a-3p,UniProt,P55265,ADAR1,Homo sapiens
miRBase,MI0000440,hsa-mir-27b,UniProt,Q93062,RBPMS,Homo sapiens
miRBase,MI0000440,hsa-mir-27b,UniProt,Q5T481,Rbm20,Homo sapiens
miRBase,MI0000440,hsa-mir-27b,UniProt,Q501J6,DDX17,Homo sapiens
miRBase,MI0000440,hsa-mir-27b-3p,UniProt,P55265,ADAR1,Homo sapiens
miRBase,MI0000747,hsa-mir-296,UniProt,Q5T481,Rbm20,Homo sapiens
miRBase,MI0000087,hsa-mir-29a,UniProt,Q5T481,Rbm20,Homo sapiens
miRBase,MI0000735,hsa-mir-29c,UniProt,Q5T481,Rbm20,Homo sapiens
miRBase,MI0000735,hsa-mir-29c,UniProt,Q501J6,DDX17,Homo sapiens
miRBase,MI0000745,hsa-mir-301a,UniProt,Q5T481,Rbm20,Homo sapiens
miRBase,MI0000738,hsa-mir-302a-3p,UniProt,P55265,ADAR1,Homo sapiens
miRBase,MI0000738,hsa-mir-302a-5p,UniProt,P55265,ADAR1,Homo sapiens
miRBase,MI0000772,hsa-mir-302b-3p,UniProt,P55265,ADAR1,Homo sapiens
miRBase,MI0000772,hsa-mir-302b-5p,UniProt,P55265,ADAR1,Homo sapiens
miRBase,MI0000773,hsa-mir-302c-3p,UniProt,P55265,ADAR1,Homo sapiens
miRBase,MI0000773,hsa-mir-302c-5p,UniProt,P55265,ADAR1,Homo sapiens
miRBase,MI0000774,hsa-mir-302d-3p,UniProt,P55265,ADAR1,Homo sapiens
miRBase,MI0000774,hsa-mir-302d-5p,UniProt,P55265,ADAR1,Homo sapiens
miRBase,MI0017375,hsa-mir-3064,UniProt,Q501J6,DDX17,Homo sapiens
miRBase,MI0000088,hsa-mir-30a,UniProt,Q5T481,Rbm20,Homo sapiens
miRBase,MI0000088,hsa-mir-30a,UniProt,Q501J6,DDX17,Homo sapiens
miRBase,MI0000441,hsa-mir-30b,UniProt,Q93062,RBPMS,Homo sapiens
miRBase,MI0000441,hsa-mir-30b,UniProt,Q5T481,Rbm20,Homo sapiens
miRBase,MI0000736,hsa-mir-30c-1,UniProt,Q501J6,DDX17,Homo sapiens
miRBase,MI0000254,hsa-mir-30c-2,UniProt,Q501J6,DDX17,Homo sapiens
miRBase,MI0000255,hsa-mir-30d,UniProt,Q5T481,Rbm20,Homo sapiens
miRBase,MI0000749,hsa-mir-30e,UniProt,Q93062,RBPMS,Homo sapiens
miRBase,MI0000749,hsa-mir-30e,UniProt,Q5T481,Rbm20,Homo sapiens
miRBase,MI0000749,hsa-mir-30e,UniProt,Q501J6,DDX17,Homo sapiens
miRBase,MI0000089,hsa-mir-31,UniProt,Q5T481,Rbm20,Homo sapiens
miRBase,MI0014142,hsa-mir-3125,UniProt,Q501J6,DDX17,Homo sapiens
miRBase,MI0014155,hsa-mir-3134,UniProt,Q5T481,Rbm20,Homo sapiens
miRBase,MI0014161,hsa-mir-3138,UniProt,Q501J6,DDX17,Homo sapiens
miRBase,MI0014210,hsa-mir-3176,UniProt,Q501J6,DDX17,Homo sapiens
miRBase,MI0014221,hsa-mir-3179-3,UniProt,Q501J6,DDX17,Homo sapiens
miRBase,MI0014235,hsa-mir-3190,UniProt,Q86V81,ORF57,Homo sapiens
miRBase,MI0014236,hsa-mir-3191,UniProt,Q501J6,DDX17,Homo sapiens
miRBase,MI0014237,hsa-mir-3192,UniProt,Q501J6,DDX17,Homo sapiens
miRBase,MI0014238,hsa-mir-3193,UniProt,Q86V81,ORF57,Homo sapiens
miRBase,MI0000090,hsa-mir-32,UniProt,Q5T481,Rbm20,Homo sapiens
miRBase,MI0000542,hsa-mir-320a,UniProt,Q93062,RBPMS,Homo sapiens
miRBase,MI0000542,hsa-mir-320a,UniProt,Q5T481,Rbm20,Homo sapiens
miRBase,MI0000813,hsa-mir-324,UniProt,Q5T481,Rbm20,Homo sapiens
miRBase,MI0000813,hsa-mir-324,UniProt,Q86V81,ORF57,Homo sapiens
miRBase,MI0000812,hsa-mir-331,UniProt,Q5T481,Rbm20,Homo sapiens
miRBase,MI0000814,hsa-mir-338,UniProt,Q5T481,Rbm20,Homo sapiens
miRBase,MI0000815,hsa-mir-339,UniProt,Q5T481,Rbm20,Homo sapiens
miRBase,MI0000815,hsa-mir-339,UniProt,Q501J6,DDX17,Homo sapiens
miRBase,MI0000091,hsa-mir-33a,UniProt,Q5T481,Rbm20,Homo sapiens
miRBase,MI0000091,hsa-mir-33a,UniProt,Q501J6,DDX17,Homo sapiens
miRBase,MI0003646,hsa-mir-33b,UniProt,Q501J6,DDX17,Homo sapiens
miRBase,MI0000805,hsa-mir-342-3p,UniProt,P55265,ADAR1,Homo sapiens
miRBase,MI0000268,hsa-mir-34a,UniProt,Q5T481,Rbm20,Homo sapiens
miRBase,MI0000743,hsa-mir-34c,UniProt,Q5T481,Rbm20,Homo sapiens
miRBase,MI0000743,hsa-mir-34c-5p,UniProt,P55265,ADAR1,Homo sapiens
miRBase,MI0016003,hsa-mir-3613,UniProt,Q93062,RBPMS,Homo sapiens
miRBase,MI0016005,hsa-mir-3615,UniProt,P55265,ADAR1,Homo sapiens
miRBase,MI0016005,hsa-mir-3615,UniProt,Q86V81,ORF57,Homo sapiens
miRBase,MI0016007,hsa-mir-3617,UniProt,Q501J6,DDX17,Homo sapiens
miRBase,MI0016009,hsa-mir-3619,UniProt,Q501J6,DDX17,Homo sapiens
miRBase,MI0000762,hsa-mir-362,UniProt,Q5T481,Rbm20,Homo sapiens
miRBase,MI0016048,hsa-mir-3648,UniProt,Q501J6,DDX17,Homo sapiens
miRBase,MI0016048,hsa-mir-3648,UniProt,Q86V81,ORF57,Homo sapiens
miRBase,MI0016051,hsa-mir-3651,UniProt,Q501J6,DDX17,Homo sapiens
miRBase,MI0016052,hsa-mir-3652,UniProt,Q5T481,Rbm20,Homo sapiens
miRBase,MI0016053,hsa-mir-3653,UniProt,Q501J6,DDX17,Homo sapiens
miRBase,MI0000775,hsa-mir-367-3p,UniProt,P55265,ADAR1,Homo sapiens
miRBase,MI0016077,hsa-mir-3676,UniProt,Q5T481,Rbm20,Homo sapiens
miRBase,MI0016078,hsa-mir-3677,UniProt,Q501J6,DDX17,Homo sapiens
miRBase,MI0016088,hsa-mir-3687,UniProt,Q501J6,DDX17,Homo sapiens
miRBase,MI0016088,hsa-mir-3687,UniProt,Q86V81,ORF57,Homo sapiens
miRBase,MI0000782,hsa-mir-374a,UniProt,Q5T481,Rbm20,Homo sapiens
miRBase,MI0000782,hsa-mir-374a,UniProt,Q501J6,DDX17,Homo sapiens
miRBase,MI0005566,hsa-mir-374b,UniProt,Q93062,RBPMS,Homo sapiens
miRBase,MI0005566,hsa-mir-374b,UniProt,Q5T481,Rbm20,Homo sapiens
miRBase,MI0005566,hsa-mir-374b,UniProt,Q501J6,DDX17,Homo sapiens
miRBase,MI0021273,hsa-mir-378j,UniProt,Q501J6,DDX17,Homo sapiens
miRBase,MI0016596,hsa-mir-3939,UniProt,Q501J6,DDX17,Homo sapiens
miRBase,MI0016597,hsa-mir-3940,UniProt,Q501J6,DDX17,Homo sapiens
miRBase,MI0016964,hsa-mir-3960,UniProt,Q501J6,DDX17,Homo sapiens
miRBase,MI0003675,hsa-mir-411,UniProt,Q501J6,DDX17,Homo sapiens
miRBase,MI0003685,hsa-mir-421,UniProt,Q501J6,DDX17,Homo sapiens
miRBase,MI0001445,hsa-mir-423,UniProt,Q93062,RBPMS,Homo sapiens
miRBase,MI0001445,hsa-mir-423,UniProt,Q5T481,Rbm20,Homo sapiens
miRBase,MI0001446,hsa-mir-424,UniProt,Q93062,RBPMS,Homo sapiens
miRBase,MI0001448,hsa-mir-425,UniProt,Q5T481,Rbm20,Homo sapiens
miRBase,MI0001448,hsa-mir-425,UniProt,Q86V81,ORF57,Homo sapiens
miRBase,MI0015862,hsa-mir-4254,UniProt,Q501J6,DDX17,Homo sapiens
miRBase,MI0015892,hsa-mir-4283-1,UniProt,Q501J6,DDX17,Homo sapiens
miRBase,MI0015891,hsa-mir-4285,UniProt,Q501J6,DDX17,Homo sapiens
miRBase,MI0015897,hsa-mir-4292,UniProt,Q86V81,ORF57,Homo sapiens
miRBase,MI0015866,hsa-mir-4326,UniProt,Q501J6,DDX17,Homo sapiens
miRBase,MI0015866,hsa-mir-4326,UniProt,Q86V81,ORF57,Homo sapiens
miRBase,MI0016775,hsa-mir-4435-1,UniProt,Q501J6,DDX17,Homo sapiens
miRBase,MI0016792,hsa-mir-4449,UniProt,Q5T481,Rbm20,Homo sapiens
miRBase,MI0016792,hsa-mir-4449,UniProt,Q501J6,DDX17,Homo sapiens
miRBase,MI0016799,hsa-mir-4453,UniProt,Q501J6,DDX17,Homo sapiens
miRBase,MI0016817,hsa-mir-4466,UniProt,Q501J6,DDX17,Homo sapiens
miRBase,MI0016846,hsa-mir-4485,UniProt,Q501J6,DDX17,Homo sapiens
miRBase,MI0016872,hsa-mir-4508,UniProt,Q501J6,DDX17,Homo sapiens
miRBase,MI0001729,hsa-mir-451a,UniProt,Q5T481,Rbm20,Homo sapiens
miRBase,MI0016887,hsa-mir-4521,UniProt,Q5T481,Rbm20,Homo sapiens
miRBase,MI0016890,hsa-mir-4523,UniProt,Q501J6,DDX17,Homo sapiens
miRBase,MI0016893,hsa-mir-4526,UniProt,Q501J6,DDX17,Homo sapiens
miRBase,MI0003820,hsa-mir-454,UniProt,Q5T481,Rbm20,Homo sapiens
miRBase,MI0003513,hsa-mir-455,UniProt,Q5T481,Rbm20,Homo sapiens
miRBase,MI0017262,hsa-mir-4635,UniProt,Q501J6,DDX17,Homo sapiens
miRBase,MI0017268,hsa-mir-4641,UniProt,Q501J6,DDX17,Homo sapiens
miRBase,MI0017275,hsa-mir-4648,UniProt,Q501J6,DDX17,Homo sapiens
miRBase,MI0017279,hsa-mir-4651,UniProt,Q501J6,DDX17,Homo sapiens
miRBase,MI0017281,hsa-mir-4653,UniProt,Q501J6,DDX17,Homo sapiens
miRBase,MI0017282,hsa-mir-4654,UniProt,Q501J6,DDX17,Homo sapiens
miRBase,MI0017283,hsa-mir-4655,UniProt,Q501J6,DDX17,Homo sapiens
miRBase,MI0017294,hsa-mir-4664,UniProt,Q501J6,DDX17,Homo sapiens
miRBase,MI0017300,hsa-mir-4669,UniProt,Q501J6,DDX17,Homo sapiens
miRBase,MI0017319,hsa-mir-4687,UniProt,Q501J6,DDX17,Homo sapiens
miRBase,MI0017323,hsa-mir-4690,UniProt,Q501J6,DDX17,Homo sapiens
miRBase,MI0017328,hsa-mir-4695,UniProt,Q501J6,DDX17,Homo sapiens
miRBase,MI0017333,hsa-mir-4700,UniProt,Q501J6,DDX17,Homo sapiens
miRBase,MI0017355,hsa-mir-4720,UniProt,F8WD15,IGF2BP3,Homo sapiens
miRBase,MI0017355,hsa-mir-4720,UniProt,Q96PU8,QKI,Homo sapiens
miRBase,MI0017355,hsa-mir-4720,UniProt,B3FTN5,IGF2BP2,Homo sapiens
miRBase,MI0017367,hsa-mir-4730,UniProt,Q501J6,DDX17,Homo sapiens
miRBase,MI0017384,hsa-mir-4745,UniProt,Q86V81,ORF57,Homo sapiens
miRBase,MI0017385,hsa-mir-4746,UniProt,Q501J6,DDX17,Homo sapiens
miRBase,MI0017399,hsa-mir-4758,UniProt,Q501J6,DDX17,Homo sapiens
miRBase,MI0017404,hsa-mir-4763,UniProt,Q501J6,DDX17,Homo sapiens
miRBase,MI0017429,hsa-mir-4784,UniProt,Q501J6,DDX17,Homo sapiens
miRBase,MI0017430,hsa-mir-4785,UniProt,Q501J6,DDX17,Homo sapiens
miRBase,MI0017433,hsa-mir-4786,UniProt,Q501J6,DDX17,Homo sapiens
miRBase,MI0017439,hsa-mir-4792,UniProt,Q501J6,DDX17,Homo sapiens
miRBase,MI0017448,hsa-mir-4800,UniProt,Q501J6,DDX17,Homo sapiens
miRBase,MI0002468,hsa-mir-484,UniProt,Q5T481,Rbm20,Homo sapiens
miRBase,MI0003123,hsa-mir-488-3p,UniProt,P55265,ADAR1,Homo sapiens
miRBase,MI0003138,hsa-mir-497,UniProt,Q501J6,DDX17,Homo sapiens
miRBase,MI0017396,hsa-mir-499b,UniProt,Q501J6,DDX17,Homo sapiens
miRBase,MI0017932,hsa-mir-5047,UniProt,Q5T481,Rbm20,Homo sapiens
miRBase,MI0017932,hsa-mir-5047,UniProt,Q501J6,DDX17,Homo sapiens
miRBase,MI0017983,hsa-mir-5094,UniProt,Q501J6,DDX17,Homo sapiens
miRBase,MI0018001,hsa-mir-5095,UniProt,Q5T481,Rbm20,Homo sapiens
miRBase,MI0016762,hsa-mir-548ac,UniProt,Q5T481,Rbm20,Homo sapiens
miRBase,MI0016780,hsa-mir-548ae2,UniProt,Q5T481,Rbm20,Homo sapiens
miRBase,MI0016815,hsa-mir-548aj2,UniProt,Q5T481,Rbm20,Homo sapiens
miRBase,MI0006374,hsa-mir-548f1,UniProt,Q5T481,Rbm20,Homo sapiens
miRBase,MI0006395,hsa-mir-548g,UniProt,Q5T481,Rbm20,Homo sapiens
miRBase,MI0006399,hsa-mir-548n,UniProt,Q5T481,Rbm20,Homo sapiens
miRBase,MI0006402,hsa-mir-548o2,UniProt,Q5T481,Rbm20,Homo sapiens
miRBase,MI0019144,hsa-mir-5587,UniProt,Q501J6,DDX17,Homo sapiens
miRBase,MI0003570,hsa-mir-564,UniProt,Q501J6,DDX17,Homo sapiens
miRBase,MI0019291,hsa-mir-5687,UniProt,Q501J6,DDX17,Homo sapiens
miRBase,MI0003581,hsa-mir-574,UniProt,Q501J6,DDX17,Homo sapiens
miRBase,MI0003585,hsa-mir-578,UniProt,Q501J6,DDX17,Homo sapiens
miRBase,MI0003587,hsa-mir-580,UniProt,Q501J6,DDX17,Homo sapiens
miRBase,MI0003602,hsa-mir-590,UniProt,Q5T481,Rbm20,Homo sapiens
miRBase,MI0003605,hsa-mir-593,UniProt,Q501J6,DDX17,Homo sapiens
miRBase,MI0003610,hsa-mir-598,UniProt,Q5T481,Rbm20,Homo sapiens
miRBase,MI0020364,hsa-mir-6087,UniProt,Q501J6,DDX17,Homo sapiens
miRBase,MI0020367,hsa-mir-6090,UniProt,Q501J6,DDX17,Homo sapiens
miRBase,MI0003625,hsa-mir-612,UniProt,Q501J6,DDX17,Homo sapiens
miRBase,MI0021258,hsa-mir-6124,UniProt,Q501J6,DDX17,Homo sapiens
miRBase,MI0021260,hsa-mir-6126,UniProt,Q501J6,DDX17,Homo sapiens
miRBase,MI0003627,hsa-mir-614,UniProt,Q501J6,DDX17,Homo sapiens
miRBase,MI0003628,hsa-mir-615,UniProt,F8WD15,IGF2BP3,Homo sapiens
miRBase,MI0003628,hsa-mir-615,UniProt,H3BRT3,TNRC6A,Homo sapiens
miRBase,MI0003628,hsa-mir-615,UniProt,Q8TB72,PUM2,Homo sapiens
miRBase,MI0003628,hsa-mir-615,UniProt,Q96PU8,QKI,Homo sapiens
miRBase,MI0003628,hsa-mir-615,UniProt,K7EKN9,TNRC6C,Homo sapiens
miRBase,MI0003628,hsa-mir-615,UniProt,A0A024R1T4,TNRC6B,Homo sapiens
miRBase,MI0003628,hsa-mir-615,UniProt,B3FTN5,IGF2BP2,Homo sapiens
miRBase,MI0003628,hsa-mir-615,UniProt,Q5T481,Rbm20,Homo sapiens
miRBase,MI0003628,hsa-mir-615-3p,UniProt,P55265,ADAR1,Homo sapiens
miRBase,MI0003643,hsa-mir-629,UniProt,Q5T481,Rbm20,Homo sapiens
miRBase,MI0003648,hsa-mir-633b,UniProt,Q86V81,ORF57,Homo sapiens
miRBase,MI0003652,hsa-mir-637,UniProt,Q86V81,ORF57,Homo sapiens
miRBase,MI0003653,hsa-mir-638,UniProt,Q86V81,ORF57,Homo sapiens
miRBase,MI0003656,hsa-mir-641,UniProt,Q501J6,DDX17,Homo sapiens
miRBase,MI0003661,hsa-mir-646,UniProt,Q501J6,DDX17,Homo sapiens
miRBase,MI0022213,hsa-mir-6501,UniProt,Q501J6,DDX17,Homo sapiens
miRBase,MI0003669,hsa-mir-661,UniProt,Q501J6,DDX17,Homo sapiens
miRBase,MI0003672,hsa-mir-663a,UniProt,Q501J6,DDX17,Homo sapiens
miRBase,MI0003672,hsa-mir-663a,UniProt,Q86V81,ORF57,Homo sapiens
miRBase,MI0006336,hsa-mir-663b,UniProt,Q501J6,DDX17,Homo sapiens
miRBase,MI0006442,hsa-mir-664a,UniProt,Q501J6,DDX17,Homo sapiens
miRBase,MI0019134,hsa-mir-664b,UniProt,Q501J6,DDX17,Homo sapiens
miRBase,MI0003760,hsa-mir-671,UniProt,Q5T481,Rbm20,Homo sapiens
miRBase,MI0022572,hsa-mir-6727,UniProt,Q501J6,DDX17,Homo sapiens
miRBase,MI0022577,hsa-mir-6732,UniProt,Q501J6,DDX17,Homo sapiens
miRBase,MI0022596,hsa-mir-6751,UniProt,Q501J6,DDX17,Homo sapiens
miRBase,MI0022597,hsa-mir-6752,UniProt,Q501J6,DDX17,Homo sapiens
miRBase,MI0022598,hsa-mir-6753,UniProt,Q501J6,DDX17,Homo sapiens
miRBase,MI0022607,hsa-mir-6762,UniProt,Q501J6,DDX17,Homo sapiens
miRBase,MI0022611,hsa-mir-6766,UniProt,Q501J6,DDX17,Homo sapiens
miRBase,MI0022621,hsa-mir-6776,UniProt,Q501J6,DDX17,Homo sapiens
miRBase,MI0022634,hsa-mir-6789,UniProt,Q501J6,DDX17,Homo sapiens
miRBase,MI0022642,hsa-mir-6797,UniProt,Q501J6,DDX17,Homo sapiens
miRBase,MI0022645,hsa-mir-6800,UniProt,Q501J6,DDX17,Homo sapiens
miRBase,MI0022650,hsa-mir-6805,UniProt,Q501J6,DDX17,Homo sapiens
miRBase,MI0022652,hsa-mir-6807,UniProt,Q501J6,DDX17,Homo sapiens
miRBase,MI0022665,hsa-mir-6820,UniProt,Q501J6,DDX17,Homo sapiens
miRBase,MI0022669,hsa-mir-6824,UniProt,Q501J6,DDX17,Homo sapiens
miRBase,MI0022674,hsa-mir-6829,UniProt,Q501J6,DDX17,Homo sapiens
miRBase,MI0022684,hsa-mir-6838,UniProt,Q501J6,DDX17,Homo sapiens
miRBase,MI0022741,hsa-mir-6894,UniProt,Q501J6,DDX17,Homo sapiens
miRBase,MI0022960,hsa-mir-7109,UniProt,Q501J6,DDX17,Homo sapiens
miRBase,MI0005559,hsa-mir-744,UniProt,Q5T481,Rbm20,Homo sapiens
miRBase,MI0024975,hsa-mir-7641-1,UniProt,Q501J6,DDX17,Homo sapiens
miRBase,MI0024976,hsa-mir-7641-2,UniProt,Q501J6,DDX17,Homo sapiens
miRBase,MI0025239,hsa-mir-7703,UniProt,Q501J6,DDX17,Homo sapiens
miRBase,MI0025914,hsa-mir-8078,UniProt,Q501J6,DDX17,Homo sapiens
miRBase,MI0005561,hsa-mir-877,UniProt,Q86V81,ORF57,Homo sapiens
miRBase,MI0005537,hsa-mir-888,UniProt,Q501J6,DDX17,Homo sapiens
miRBase,MI0005528,hsa-mir-892a,UniProt,Q501J6,DDX17,Homo sapiens
miRBase,MI0005716,hsa-mir-924,UniProt,Q501J6,DDX17,Homo sapiens
miRBase,MI0000093,hsa-mir-92a1,UniProt,Q5T481,Rbm20,Homo sapiens
miRBase,MI0000094,hsa-mir-92a-2,UniProt,Q501J6,DDX17,Homo sapiens
miRBase,MI0003560,hsa-mir-92b,UniProt,Q5T481,Rbm20,Homo sapiens
miRBase,MI0000095,hsa-mir-93,UniProt,Q93062,RBPMS,Homo sapiens
miRBase,MI0000095,hsa-mir-93,UniProt,Q5T481,Rbm20,Homo sapiens
miRBase,MI0000095,hsa-mir-93,UniProt,Q501J6,DDX17,Homo sapiens
miRBase,MI0005757,hsa-mir-935,UniProt,Q5T481,Rbm20,Homo sapiens
miRBase,MI0005757,hsa-mir-935,UniProt,Q501J6,DDX17,Homo sapiens
miRBase,MI0005759,hsa-mir-937,UniProt,Q86V81,ORF57,Homo sapiens
miRBase,MI0005761,hsa-mir-939,UniProt,Q501J6,DDX17,Homo sapiens
miRBase,MI0005761,hsa-mir-939,UniProt,Q86V81,ORF57,Homo sapiens
miRBase,MI0000098,hsa-mir-96,UniProt,Q5T481,Rbm20,Homo sapiens
miRBase,MI0000100,hsa-mir-98,UniProt,Q5T481,Rbm20,Homo sapiens
miRBase,MI0000101,hsa-mir-99a,UniProt,Q93062,RBPMS,Homo sapiens
miRBase,MI0000746,hsa-mir-99b,UniProt,Q501J6,DDX17,Homo sapiens
miRBase,MI0000067,mmu-let-7,UniProt,Q8K3Y3,LIN28A,Mus musculus
miRBase,MI0000556,mmu-let-7a-1,UniProt,Q9NR56,Mbnl1,Mus musculus
miRBase,MI0000556,mmu-let-7a-1,UniProt,Q8R003,Mbnl3,Mus musculus
miRBase,MI0000692,mmu-mir-100,UniProt,Q9NR56,Mbnl1,Mus musculus
miRBase,MI0000692,mmu-mir-100,UniProt,Q8R003,Mbnl3,Mus musculus
miRBase,MI0000151,mmu-mir-125a,UniProt,P19525,PKR,Mus musculus
miRBase,MI0000725,mmu-mir-125b-1,UniProt,Q8R003,Mbnl3,Mus musculus
miRBase,MI0000152,mmu-mir-125b-2,UniProt,Q9NR56,Mbnl1,Mus musculus
miRBase,MI0000152,mmu-mir-125b-2,UniProt,Q8R003,Mbnl3,Mus musculus
miRBase,MI0008321,mmu-mir-1906,UniProt,P19525,PKR,Mus musculus
miRBase,MI0009990,mmu-mir-1983,UniProt,P84103,SRSF3,Mus musculus
miRBase,MI0000546,mmu-mir-19b-2,UniProt,P84103,SRSF3,Mus musculus
miRBase,MI0000569,mmu-mir-21,UniProt,Q16630,Cpsf6,Mus musculus
miRBase,MI0010739,mmu-mir-2133-2,UniProt,P84103,SRSF3,Mus musculus
miRBase,MI0010739,mmu-mir-2133-2,UniProt,Q08170,SRSF4,Mus musculus
miRBase,MI0000698,mmu-mir-214,UniProt,Q8R003,Mbnl3,Mus musculus
miRBase,MI0000142,mmu-mir-27b,UniProt,Q8R003,Mbnl3,Mus musculus
miRBase,MI0000402,mmu-mir-302a,UniProt,P84103,SRSF3,Mus musculus
miRBase,MI0014031,mmu-mir-3069,UniProt,Q9NR56,Mbnl1,Mus musculus
miRBase,MI0004125,mmu-mir-374,UniProt,P84103,SRSF3,Mus musculus
miRBase,MI0004634,mmu-mir-677,UniProt,Q9NR56,Mbnl1,Mus musculus
miRBase,MI0004634,mmu-mir-677,UniProt,P84103,SRSF3,Mus musculus
miRBase,MI0004655,mmu-mir-689-2,UniProt,P84103,SRSF3,Mus musculus
miRBase,MI0004655,mmu-mir-689-2,UniProt,Q08170,SRSF4,Mus musculus
